Fecha,Componente,Precio ARS
25/03/2026,CPU: Ryzen 5 9600X,Error
25/03/2026,GPU: RX 9060 XT 16GB,Error
25/03/2026,Mother: Gigabyte B650E EAGLE,Error
25/03/2026,RAM: Crucial Pro 32GB DDR5 6000,Error
25/03/2026,SSD: WD Black SN7100 1TB,Error
25/03/2026,Fuente: XPG Core Reactor II 850W,Error
25/03/2026,Cooler: MasterLiquid 240 Core,Error
26/03/2026,CPU: Ryzen 5 9600X,Error
26/03/2026,GPU: RX 9060 XT 16GB,Error
26/03/2026,Mother: Gigabyte B650E EAGLE,Error
26/03/2026,RAM: Crucial Pro 32GB DDR5 6000,Error
26/03/2026,SSD: WD Black SN7100 1TB,Error
26/03/2026,Fuente: XPG Core Reactor II 850W,Error
26/03/2026,Cooler: MasterLiquid 240 Core,Error
